Workbook

Sheet ★자료입력
A1: 구분 | B1: 체결통보 | C1: 순번 | D1: 수신처 | E1: 구분 | F1: 감독관 | G1: 계약번호 | H1: 계약일자 | I1: 계약기간 | J1: 계 약 명 | K1: 통제금액 (기초금액) | L1: 계약금액 | M1: 계약방법 | N1: 계약업체명 | O1: 사업자등록번호 | P1: 대표자 | Q1: 주소
H2: 2025-09-26 | I2: 2025-09-26 2025-10-17 | J2: 수소에너지소재연구단(0184호) 청정수소 분리판 기술 개발실 구축(설비) | K2: 3111000 | L2: 2790000 | M2: 수의계약 | N2: 경은엔지니어링 | P2: 김강수 | Q2: 서울시 송파구 토성로 38-6번지
H4: 주의: 날자앞에 '

Sheet 승락서
A2: 승 락 서
A3: 공 사 명 | B3: =★자료입력!J2 -> 수소에너지소재연구단(0184호) 청정수소 분리판 기술 개발실 구축(설비) | O3: 계약번호 : | P3: =★자료입력!G2 -> 0 | AA3: 제49조(계약서작성의 생략) 법 제11조제1항 단서의 규정에 의하여 계약서의 작성을 생략할 수 있는 경우는 다음 각호와 같다. <개정 1999.9.9.>
A4: 공 사 기 간 | B4: =LEFT(★자료입력!I2,4)&"년"&MID(★자료입력!I2,6,2)&"월"&MID(★자료입력!I2,9,2)&"일" -> 2025년09월26일 | G4: 부터 | I4: =MID(★자료입력!I2,12,4)&"년"&MID(★자료입력!I2,17,2)&"월"&RIGHT(★자료입력!I2,2)&"일" -> 2025년10월17일 | N4: 까지 | AA4: 1. 계약금액이 3천만원이하인 계약을 체결하는 경우
A5: 공 사 금 액 | B5: ="일금"&TEXT(C6,"[DBNUM4]G/표준")&"원정" -> 일금이백칠십구만원정 | K5: 공사금액 : | N5: =C6/1.1 -> 2536363.6 | AA5: 2. 경매에 부치는 경우
C6: =★자료입력!L2 -> 2790000 | K6: 부가세액 : | N6: =N5*0.1 -> 253636.36 | AA6: 3. 물품매각의 경우에 있어서 매수인이 즉시 대금을 납부하고 그 물품을 인수하는 경우
A7: 계약 보증금 | B7: ="일금"&TEXT(C6*0.15,"[DBNUM4]G/표준")&"원정" -> 일금사십일만팔천오백원정 | I7: / 지급각서로 대체 | AA7: 4. 각 국가기관 및 지방자치단체 상호간에 계약을 체결하는 경우
C8: =C6*0.15 -> 418500 | AA8: 5. 전기ㆍ가스ㆍ수도의 공급계약등 성질상 계약서의 작성이 필요하지 아니한 경우
A9: 지체 상금율 | B9: 0.05% / 1일 | H9: 하자보수보증금율 | M9: 3%(하자각서)
A10: 지 급 조 건 | B10: 완료 후 100% 지급 | H10: 하 자 기 간 | M10: 관련 법령에 따름 | AA10: 제44조(계약보증금) ①회계규정 제72조의 규정에 의한 계약보증금은 계약금액의 100분의 10이상으로 납부하게 하여야 한다. 2012.3.19.>
AC11: 다만, 공사계약에 있어서 연대보증인을 세우지 아니하는 경우에는 계약금액의 100분의 15이상으로 납부하게 하거나
A12: 당사는 위 조건으로 귀 원의 공사를 수주하여 시공함에 있어서 공사도면, 시방서, 시설공사계약 일반조건, 안전 및 폐기물처리 수칙 등을 숙지하고 이 모든 사항을 수락하며, 귀 원이 사정에 의하여 설계를 변경하거나 일시적으로 공사를 중단 할 경우에도 이의를 제기하지 아니하고 우수한 시설물을 완성할 것을 승락하며 이 승락서를 제출합니다. | AC12: 계약금액의 100분의 40이상을 납부할 것을 보증하는 공사이행 보증서를 제출하게 하여야 한다. <개정 1997.12.12.,
AA13: ④회계규정 제72조 제1항 단서의 규정에 의하여 계약보증금의 전부 또는 일부를 면제할 수 있는 경우는 다음 각 호와 같다. <개정 2012.3.19.>
AA14: 3. 계약금액이 3천만원이하인 계약을 체결하는 경우 <개정 2012.3.19.>
AA15: ⑧제35조 제4항의 규정은 제4항의 규정에 의하여 계약보증금의 전부 또는 일부를 면제한 경우에 이를 준용한다.
AA16: ⑨제1항부터 제3항까지에 의한 계약보증금은 계약보증금 납부서(별표 제11호)와 함께 납부하게 하여야 한다.
A18: 붙임 : 지급각서, 하자보수책임각서, 청렴계약 이행각서, 계약내역서 | AA18: 제72조(하자보수보증금률) ①각 중앙관서의 장 또는 계약담당공무원은 공사계약을 체결할 때에 영 제62조제1항 본문의 규정에 의하여 다음 각호의 공종(각 공종간의 하자책임을 구분할 수 없는 복합공사인 경우에는 주된 공종을 말한다)구분에 의하여 계약금액에 대한 하자보수보증금률을 정하여야 한다.
AA19: 1. 철도·댐·터널·철강교설치·발전설비·교량·상하수도구조물등 중요구조물공사 및 조경공사: 100분의 5
AA20: 2. 공항·항만·삭도설치·방파제·사방·간척등 공사: 100분의 4
AA21: 3. 관개수로·도로(포장공사를 포함한다)·매립·상하수도관로·하천·일반건축등 공사: 100분의 3
AA22: 4. 제1호 내지 제3호외의 공사: 100분의 2
A23: =LEFT(★자료입력!H2,4)&"년"&MID(★자료입력!H2,6,2)&"월"&MID(★자료입력!H2,9,2)&"일" -> 2025년09월26일 | AA23: ②영 제62조제1항 단서에 따라 하자보수보증금을 납부하지 아니하게 할 수 있는 경우는 다음 각 호의 어느 하나의 공사로 한다. <개정 1998.2.23., 2005.9.8., 2013.6.19., 2014.11.4.>
AA24: 1. 「건설산업기본법 시행령」 별표 1에 따른 건설업종의 업무내용 중 구조물 등을 해체하는 공사
AA25: 2. 단순암반절취공사, 모래·자갈채취공사등 그 공사의 성질상 객관적으로 하자보수가 필요하지 아니한 공사
AA26: 3. 계약금액이 3천만원을 초과하지 아니하는 공사(조경공사를 제외한다)
A27: 작성자 | C27: 주소 : | D27: =★자료입력!Q2 -> 서울시 송파구 토성로 38-6번지
AA28: 제75조(지체상금률) 영 제74조제1항에 따른 지체상금률은 다음 각호와 같다. <개정 1996.12.31., 2005.9.8., 2010.7.21., 2014.11.4., 2017.12.28.>
C29: 상호 : | D29: =★자료입력!N2 -> 경은엔지니어링 | AA29: 1. 공사: 1천분의 0.5
M30: . | AA30: 2. 물품의 제조·구매(영 제16조제3항에 따라 소프트웨어사업시 물품과 용역을 일괄하여 입찰에 부치는 경우를 포함한다. 이하 이 호에서 같다): 1천분의 0.75. 다만, 계약 이후 설계와 제조가 일괄하여 이루어지고, 그 설계에 대하여 발주한 중앙관서의 장의 승인이 필요한 물품의 제조·구매의 경우에는 1천분의 0.5로 한다.
C31: 대표 : | D31: =★자료입력!P2&" (인)" -> 김강수 (인) | AA31: 3. 물품의 수리·가공·대여,용역(영 제16조제3항에 따라 소프트웨어사업시 물품과 용역을 일괄하여 입찰에 부치는 경우의 그 용역을 제외한다) 및 기타: 1천분의 1.25
Q32: ` | AA32: 4. 군용 음·식료품 제조·구매: 1천분의 1.5
AA33: 5. 운송·보관 및 양곡가공: 1천분의 2.5
A34: 한국과학기술연구원 원장 귀하

Sheet 지급각서(7.5%)
B3: 지 급 각 서
B4: 계 약 명 | C4: =승락서!B3 -> 수소에너지소재연구단(0184호) 청정수소 분리판 기술 개발실 구축(설비) | K4: 제44조(계약보증금) ①회계규정 제72조의 규정에 의한 계약보증금은 계약금액의 100분의 10이상으로 납부하게 하여야 한다. 다만, 공사계약에 있어서 연대보증인을 세우지 아니하는 경우에는 계약금액의 100분의 15이상으로 납부하게 하거나 계약금액의 100분의 40이상을 납부할 것을 보증하는 공사이행 보증서를 제출하게 하여야 한다. <개정 1997.12.12., 2012.3.19.>
B5: 계약년월일 | C5: =승락서!A23 -> 2025년09월26일 | K5: ④회계규정 제72조 제1항 단서의 규정에 의하여 계약보증금의 전부 또는 일부를 면제할 수 있는 경우는 다음 각 호와 같다. <개정 2012.3.19.>
B6: 계 약 금 액 | C6: =승락서!B5 -> 일금이백칠십구만원정 | F6: ( | G6: =승락서!C6 -> 2790000 | H6: / | I6: 부가가치세포함) | K6: 3. 계약금액이 3천만원이하인 계약을 체결하는 경우 <개정 2012.3.19.>
B7: 계약보증금 | C7: ='[1]승락서(7.5%)'!B7 -> 일금이십만구천이백오십원정 | F7: ( | G7: ='[1]승락서(7.5%)'!C8 -> 209250 | H7: / | I7: 지급각서로대체) | K7: ⑧제35조 제4항의 규정은 제4항의 규정에 의하여 계약보증금의 전부 또는 일부를 면제한 경우에 이를 준용한다.
K8: ⑨제1항부터 제3항까지에 의한 계약보증금은 계약보증금 납부서(별표 제11호)와 함께 납부하게 하여야 한다.
C10: 단, 계약업무요령 제44조 제4항 제3호의 규정에 의하여 면제.
B13: 면제된 위의 계약보증금은 계약상의 의무를 이행하지 아니한 경우 현금으로 납입할 것을
B14: 확약하며 이에 각서를 제출함.
B20: =승락서!A23 -> 2025년09월26일
B26: 주소 : | C26: =★자료입력!Q2 -> 서울시 송파구 토성로 38-6번지
B28: 상호 : | C28: =★자료입력!N2 -> 경은엔지니어링
B30: 성명 : | C30: =★자료입력!P2&" (인)" -> 김강수 (인)
B34: =승락서!A34 -> 한국과학기술연구원 원장 귀하

Sheet 하자각서(3%)
A2: 하 자 보 수 책 임 각 서
A3: 1. 계 약 명 | B3: =승락서!B3 -> 수소에너지소재연구단(0184호) 청정수소 분리판 기술 개발실 구축(설비) | M3: 제72조(하자보수보증금률) ①각 중앙관서의 장 또는 계약담당공무원은 공사계약을 체결할 때에 영 제62조제1항 본문의 규정에 의하여 다음 각호의 공종(각 공종간의 하자책임을 구분할 수 없는 복합공사인 경우에는 주된 공종을 말한다)구분에 하여 계약금액에 대한 하자보수보증금률을 정하여야 한다.
A4: 2. 계 약 일 자 | B4: =승락서!A23 -> 2025년09월26일 | M4: 1. 철도·댐·터널·철강교설치·발전설비·교량·상하수도구조물등 중요구조물공사 및 조경공사: 100분의 5
A5: 3. 계 약 금 액 | B5: =승락서!B5 -> 일금이백칠십구만원정 | H5: ( | I5: =승락서!C6 -> 2790000 | J5: / 부가가치세포함) | M5: 2. 공항·항만·삭도설치·방파제·사방·간척등 공사: 100분의 4
A6: 4. 하 자 보 수 금 액 | B6: ="일금"&TEXT(I5*0.03,"[DBNUM4]G/표준")&"원정" -> 일금팔만삼천칠백원정 | H6: ( | I6: =I5*0.03 -> 83700 | J6: ) | M6: 3. 관개수로·도로(포장공사를 포함한다)·매립·상하수도관로·하천·일반건축등 공사: 100분의 3
A7: 5. 하자보수책임기간 | B7: 2년 | M7: 4. 제1호 내지 제3호외의 공사: 100분의 2
M8: ②영 제62조제1항 단서에 따라 하자보수보증금을 납부하지 아니하게 할 수 있는 경우는 다음 각 호의 어느 하나의 공사로 한다. <개정 1998.2.23., 2005.9.8., 2013.6.19., 2014.11.4.>
M9: 1. 「건설산업기본법 시행령」 별표 1에 따른 건설업종의 업무내용 중 구조물 등을 해체하는 공사
A10: 우리 회사는 귀 연구원이 발주하는 공사(용역)를 수주함에 있어서 준공(완료) 후 | M10: 2. 단순암반절취공사, 모래·자갈채취공사등 그 공사의 성질상 객관적으로 하자보수가 필요하지 아니한 공사
A11: 하자가 발생될 때에는 지체없이 하자보수에 임할 것과 당사의 부득이한 사정 등으로 | M11: 3. 계약금액이 3천만원을 초과하지 아니하는 공사(조경공사를 제외한다)
A12: 하자보수를 이행하지 못할 때에는 위 하자보수금액은 물론 하자보수비용 일체를
A13: 귀 연구원이 청구한날로부터 14일 이내에 현금으로 납부할 것을 확약하며
A14: 이 각서를 제출합니다. | M14: 건설업종 3%
M15: 조경 5%
M16: 전기, 통신, 소방 등 건설업종 외의 공사 2%
A18: 2025 년 9월 26일
A22: 주소 : | B22: =승락서!D27 -> 서울시 송파구 토성로 38-6번지
A24: 상호 : | B24: =승락서!D29 -> 경은엔지니어링
A26: 성명 : | B26: =승락서!D31 -> 김강수 (인)
A30: 한국과학기술연구원 원장 귀하
